Timestamp,User Count,Type,Name,Requests/s,Failures/s,50%,66%,75%,80%,90%,95%,98%,99%,99.9%,99.99%,100%,Total Request Count,Total Failure Count,Total Median Response Time,Total Average Response Time,Total Min Response Time,Total Max Response Time,Total Average Content Size
1771429812,0,,Aggregated,0.000000,0.000000,N/A,N/A,N/A,N/A,N/A,N/A,N/A,N/A,N/A,N/A,N/A,0,0,0,0.0,0,0,0
1771429813,5,,Aggregated,0.000000,0.000000,49,55,63,63,71,71,71,71,71,71,71,10,5,48,46.42317079988061,28.248935000192432,71.01028199940629,9604.5
1771429814,10,,Aggregated,0.000000,0.000000,28,29,49,55,63,71,71,71,71,71,71,20,10,27,31.165187350006818,6.306463000328222,71.01028199940629,8758.85
1771429815,15,,Aggregated,0.000000,0.000000,18,28,34,37,55,63,71,71,71,71,71,31,15,18,25.691459290335903,6.306463000328222,71.01028199940629,10204.516129032258
1771429816,20,,Aggregated,10.000000,5.000000,16,21,28,29,49,63,71,71,71,71,71,43,20,16,21.964720674458118,4.8949379997793585,71.01028199940629,11084.651162790698
1771429817,25,,Aggregated,10.333333,5.000000,14,18,27,28,48,63,63,71,71,71,71,55,25,14,19.820295072730172,4.8949379997793585,71.01028199940629,11597.981818181817
1771429818,30,,Aggregated,10.500000,5.000000,13,17,20,27,37,55,63,71,71,71,71,69,30,13,18.228970536230023,4.8949379997793585,71.01028199940629,12288.391304347826
1771429819,35,,Aggregated,10.500000,5.000000,12,16,19,26,30,49,63,71,71,71,71,84,35,12,17.19092466668198,4.418604999955278,71.01028199940629,12541.17857142857
1771429820,40,,Aggregated,10.800000,5.000000,13,16,19,25,30,48,63,63,71,71,71,101,40,13,16.98306735644371,4.418604999955278,71.01028199940629,13753.584158415842
1771429821,45,,Aggregated,11.333333,5.000000,13,17,20,25,30,48,63,63,71,71,71,120,46,13,16.890274791694537,4.418604999955278,71.01028199940629,13706.275
1771429822,50,,Aggregated,12.625000,5.000000,14,17,20,25,30,45,63,63,71,71,71,142,51,14,17.040737683114266,3.8966160000200034,71.01028199940629,14387.55633802817
1771429823,50,,Aggregated,12.625000,5.000000,13,16,19,23,30,45,55,63,71,71,71,154,52,12,16.203777298722038,2.806477000376617,71.01028199940629,14482.88961038961
1771429824,50,,Aggregated,14.100000,5.100000,12,16,18,21,29,43,55,63,71,71,71,169,53,12,15.575811710081346,2.806477000376617,71.01028199940629,15861.1775147929
1771429825,50,,Aggregated,14.400000,4.700000,12,15,18,20,29,43,55,63,71,71,71,179,53,12,15.32780603354075,2.806477000376617,71.01028199940629,17211.68156424581
1771429826,50,,Aggregated,14.400000,4.700000,12,15,18,20,29,42,55,63,71,71,71,188,54,12,14.876581574487725,2.806477000376617,71.01028199940629,17120.957446808512
1771429827,50,,Aggregated,14.700000,3.800000,11,14,17,19,28,37,49,63,71,71,71,202,57,11,14.317501707941263,2.806477000376617,71.01028199940629,17096.747524752474
1771429828,50,,Aggregated,14.600000,3.400000,11,14,17,18,28,37,49,63,71,71,71,216,58,11,13.908128152791134,2.786616000776121,71.01028199940629,17674.01851851852
1771429829,50,,Aggregated,14.600000,3.400000,11,14,16,18,27,34,49,63,71,71,71,229,60,11,13.50109770743972,2.78577100016264,71.01028199940629,17749.28384279476
1771429830,50,,Aggregated,14.700000,2.800000,11,14,16,18,27,37,63,71,1000,1000,1000,242,62,11,21.600824834723042,2.78577100016264,1015.2011649997803,17835.888429752067
1771429831,50,,Aggregated,14.500000,2.500000,10,14,16,18,27,42,63,1000,1000,1000,1000,254,65,10,24.81570480315673,2.508925999791245,1015.2011649997803,17455.661417322834
1771429832,50,,Aggregated,14.500000,2.500000,10,13,16,18,27,42,63,1000,1000,1000,1000,267,71,10,27.654640805249823,2.508925999791245,1017.6192640001318,17243.865168539327
1771429833,50,,Aggregated,13.300000,1.900000,9,13,16,18,27,42,63,1000,1000,1000,1000,277,74,9,26.87141059927837,2.508925999791245,1017.6192640001318,17097.862815884477
1771429834,50,,Aggregated,12.600000,2.000000,9,13,15,17,26,37,63,1000,1000,1000,1000,288,77,9,26.039883093751037,2.508925999791245,1017.6192640001318,16781.194444444445
1771429835,50,,Aggregated,12.200000,2.100000,8,13,15,17,26,42,71,1000,1000,1000,1000,303,80,8,31.67490923762803,2.508925999791245,1017.6192640001318,16560.21782178218
1771429836,50,,Aggregated,12.200000,2.100000,8,12,15,17,27,45,1000,1000,1000,1000,1000,315,82,8,37.073161387314265,2.2752230006517493,1017.6192640001318,16223.419047619047
1771429837,50,,Aggregated,12.200000,2.600000,8,12,14,16,26,43,1000,1000,1000,1000,1000,331,85,8,35.54846465258077,2.142502999959106,1017.6192640001318,16014.764350453172
1771429838,50,,Aggregated,12.700000,2.800000,8,12,14,16,26,43,1000,1000,1000,1000,1000,342,86,8,37.55385787427891,2.142502999959106,1017.6192640001318,15818.634502923976
1771429839,50,,Aggregated,12.700000,2.800000,8,12,14,16,25,43,1000,1000,1000,1000,1000,351,88,8,36.72445512536517,2.142502999959106,1017.6192640001318,15550.207977207978
1771429840,50,,Aggregated,12.600000,2.800000,8,12,14,16,25,43,1000,1000,1000,1000,1000,364,91,8,38.45252849451244,2.142502999959106,1017.6192640001318,15720.675824175823
1771429841,50,,Aggregated,12.200000,2.800000,8,12,14,16,25,43,1000,1000,1000,1000,1000,379,93,8,37.152197949880986,2.142502999959106,1017.6192640001318,15599.187335092349
1771429842,50,,Aggregated,12.100000,2.900000,8,12,14,15,25,43,1000,1000,1000,1000,1000,392,95,8,38.73311223214981,2.0189090000712895,1017.6192640001318,15684.227040816326
1771429843,50,,Aggregated,12.500000,2.800000,8,12,14,15,24,42,1000,1000,1000,1000,1000,404,98,8,37.79092372277467,2.0189090000712895,1017.6192640001318,15699.70792079208
1771429844,50,,Aggregated,12.500000,2.800000,8,12,13,15,23,42,1000,1000,1000,1000,1000,414,99,8,37.031869659421176,2.0189090000712895,1017.6192640001318,15649.217391304348
1771429845,50,,Aggregated,12.500000,2.400000,8,12,13,15,23,37,1000,1000,1000,1000,1000,434,100,7,35.70039521889455,2.0189090000712895,1017.6192640001318,15881.447004608295
1771429846,50,,Aggregated,12.700000,2.200000,8,12,13,15,22,34,1000,1000,1000,1000,1000,441,100,8,35.27215570294894,2.0189090000712895,1017.6192640001318,16090.44671201814
1771429847,50,,Aggregated,13.200000,2.100000,8,12,13,15,23,34,1000,1000,1000,1000,1000,459,101,8,34.31190056862622,2.0189090000712895,1017.6192640001318,16848.68191721133
1771429848,50,,Aggregated,12.500000,1.800000,8,12,13,15,22,32,1000,1000,1000,1000,1000,467,101,8,33.883622374735495,2.0189090000712895,1017.6192640001318,16998.888650963596
1771429849,50,,Aggregated,12.700000,1.600000,8,12,13,14,21,32,1000,1000,1000,1000,1000,484,103,8,32.98732181611958,2.0189090000712895,1017.6192640001318,17074.712809917357
1771429850,50,,Aggregated,12.500000,1.500000,8,12,13,14,21,32,1000,1000,1000,1000,1000,496,106,8,32.42071420766574,2.0189090000712895,1017.6192640001318,17161.145161290322
1771429851,50,,Aggregated,12.700000,1.300000,8,12,13,14,21,30,1000,1000,1000,1000,1000,508,106,7,31.796937372053605,2.0189090000712895,1017.6192640001318,17170.007874015748
1771429852,50,,Aggregated,12.700000,1.400000,8,11,13,14,21,30,1000,1000,1000,1000,1000,519,107,8,31.317811554919007,2.0189090000712895,1017.6192640001318,17389.45472061657
1771429853,50,,Aggregated,12.700000,1.300000,8,12,13,14,21,30,1000,1000,1000,1000,1000,533,108,8,32.664269116330736,2.0189090000712895,1018.6064800000167,17672.013133208256
1771429854,50,,Aggregated,12.800000,1.300000,7,12,13,14,21,30,1000,1000,1000,1000,1000,544,108,7,33.98363555515636,2.0189090000712895,1018.6064800000167,17689.979779411766
1771429855,50,,Aggregated,13.000000,1.100000,7,12,13,14,21,32,1000,1000,1000,1000,1000,554,108,7,35.32590421119635,2.0189090000712895,1018.6064800000167,17700.53429602888
1771429856,50,,Aggregated,12.900000,0.900000,7,12,13,14,21,30,1000,1000,1000,1000,1000,570,112,7,34.5749192157918,2.0189090000712895,1018.6064800000167,17760.64210526316
1771429857,50,,Aggregated,12.000000,0.800000,7,11,13,14,20,30,1000,1000,1000,1000,1000,581,114,7,34.006819184165664,2.0189090000712895,1018.6064800000167,17615.232358003443
1771429858,50,,Aggregated,12.700000,1.100000,7,11,13,14,20,30,1000,1000,1000,1000,1000,594,117,7,33.376637740742325,2.0189090000712895,1018.6064800000167,17472.579124579126
1771429859,50,,Aggregated,12.300000,1.300000,7,11,13,14,19,30,1000,1000,1000,1000,1000,606,120,7,32.8270268085815,2.0189090000712895,1018.6064800000167,17439.20792079208
1771429860,50,,Aggregated,12.500000,1.400000,7,11,13,14,19,30,1000,1000,1000,1000,1000,622,123,7,35.4049464228302,2.0189090000712895,1018.6064800000167,17440.26045016077
1771429861,50,,Aggregated,12.600000,1.900000,7,11,13,14,20,32,1000,1000,1000,1000,1000,638,125,7,37.83654162539264,2.0189090000712895,1018.6064800000167,17235.69435736677
1771429862,50,,Aggregated,12.800000,1.700000,7,11,13,14,20,32,1000,1000,1000,1000,1000,649,127,7,38.854844476118046,2.0189090000712895,1018.6858540000685,17159.916795069337
1771429863,50,,Aggregated,13.000000,1.900000,7,11,13,14,20,34,1000,1000,1000,1000,1000,660,128,7,41.37574040909055,2.0189090000712895,1018.6858540000685,17090.301515151514
1771429864,50,,Aggregated,12.600000,2.000000,7,11,13,14,20,32,1000,1000,1000,1000,1000,668,129,7,40.97462189820444,2.0189090000712895,1018.6858540000685,17102.974550898205
1771429865,50,,Aggregated,12.600000,2.000000,7,11,13,14,20,32,1000,1000,1000,1000,1000,686,132,7,41.54765161807258,2.0189090000712895,1018.6858540000685,16985.96355685131
1771429866,50,,Aggregated,12.400000,2.100000,7,11,13,14,20,32,1000,1000,1000,1000,1000,700,134,7,40.84450027000067,1.8638149995240383,1018.6858540000685,16839.45857142857
1771429867,50,,Aggregated,12.900000,2.400000,7,11,12,14,19,32,1000,1000,1000,1000,1000,709,134,7,40.41725512270743,1.8638149995240383,1018.6858540000685,16819.51480959097
1771429868,50,,Aggregated,13.100000,2.200000,7,11,13,14,19,30,1000,1000,1000,1000,1000,722,135,7,39.85482656094253,1.8638149995240383,1018.6858540000685,16873.6135734072
1771429869,50,,Aggregated,12.700000,2.000000,7,11,12,14,19,30,1000,1000,1000,1000,1000,737,136,7,39.2167861736811,1.8638149995240383,1018.6858540000685,16985.257801899592
1771429870,50,,Aggregated,12.600000,1.900000,7,11,12,14,19,30,1000,1000,1000,1000,1000,748,136,7,38.75358347995084,1.8638149995240383,1018.6858540000685,17056.041443850267
1771429871,50,,Aggregated,12.700000,1.600000,7,11,12,14,19,30,1000,1000,1000,1000,1000,758,136,7,38.34071301451399,1.8638149995240383,1018.6858540000685,17097.852242744062
1771429872,50,,Aggregated,12.400000,1.500000,7,11,12,14,18,30,1000,1000,1000,1000,1000,773,137,7,37.75137629754317,1.8638149995240383,1018.6858540000685,17164.5148771022
1771429873,50,,Aggregated,11.700000,1.100000,7,11,12,14,18,29,1000,1000,1000,1000,1000,784,138,7,37.334866279340474,1.8638149995240383,1018.6858540000685,17138.997448979593
1771429874,50,,Aggregated,12.300000,1.000000,7,11,12,13,18,29,1000,1000,1000,1000,1000,794,139,7,36.949450508817876,1.8638149995240383,1018.6858540000685,17157.172544080604
1771429875,50,,Aggregated,12.600000,1.000000,7,11,12,13,18,29,1000,1000,1000,1000,1000,815,145,7,36.18477037178342,1.8638149995240383,1018.6858540000685,17238.347239263803
1771429876,50,,Aggregated,12.400000,1.000000,7,11,12,13,18,29,1000,1000,1000,1000,1000,822,147,7,35.92862518735163,1.8638149995240383,1018.6858540000685,17208.37591240876
1771429877,50,,Aggregated,12.500000,0.900000,7,11,12,13,18,29,1000,1000,1000,1000,1000,841,151,7,36.46020486920819,1.8638149995240383,1018.6858540000685,17113.65992865636
1771429878,50,,Aggregated,12.100000,1.200000,7,11,12,13,18,29,1000,1000,1000,1000,1000,851,151,7,36.16175524677428,1.8638149995240383,1018.6858540000685,17323.486486486487
1771429879,50,,Aggregated,12.900000,1.600000,7,11,12,13,18,29,1000,1000,1000,1000,1000,862,152,7,36.927221088170946,1.8638149995240383,1018.6858540000685,17198.42343387471
1771429880,50,,Aggregated,13.100000,1.700000,7,11,12,13,18,29,1000,1000,1000,1000,1000,873,153,7,36.60683096220387,1.8638149995240383,1018.6858540000685,17330.493699885454
1771429881,50,,Aggregated,12.600000,1.600000,7,11,12,13,18,29,1000,1000,1000,1000,1000,885,155,7,38.45577088136272,1.8638149995240383,1018.6858540000685,17210.10395480226
1771429882,50,,Aggregated,12.700000,1.600000,7,10,12,13,18,29,1000,1000,1000,1000,1000,899,157,7,37.965204736380905,1.8638149995240383,1018.6858540000685,17238.822024471636
1771429883,50,,Aggregated,12.600000,1.800000,6,10,12,13,18,29,1000,1000,1000,1000,1000,911,162,6,37.54736699232452,1.8638149995240383,1018.6858540000685,17246.899012074642
1771429884,50,,Aggregated,12.800000,2.000000,6,10,12,13,18,29,1000,1000,1000,1000,1000,918,163,6,37.29811162854765,1.8638149995240383,1018.6858540000685,17179.156862745098
1771429885,50,,Aggregated,12.300000,2.300000,6,10,12,13,18,29,1000,1000,1000,1000,1000,934,165,6,36.77018247538066,1.8638149995240383,1018.6858540000685,17146.792291220558
1771429886,50,,Aggregated,12.500000,2.300000,6,10,12,13,18,29,1000,1000,1000,1000,1000,952,172,6,37.24667792437517,1.8638149995240383,1018.6858540000685,16986.751050420167
1771429887,50,,Aggregated,12.500000,2.400000,6,10,12,13,18,29,1000,1000,1000,1000,1000,960,172,6,37.01038098854781,1.8638149995240383,1018.6858540000685,17063.846875
1771429888,50,,Aggregated,12.800000,2.500000,6,10,12,13,18,28,1000,1000,1000,1000,1000,973,174,6,36.58141863104552,1.8638149995240383,1018.6858540000685,16980.828365878726
1771429889,50,,Aggregated,12.000000,2.200000,6,10,12,13,18,28,1000,1000,1000,1000,1000,986,176,6,36.19287971603323,1.8638149995240383,1018.6858540000685,17010.974645030426
1771429890,50,,Aggregated,11.800000,2.200000,6,10,12,13,18,29,1000,1000,1000,1000,1000,997,176,6,37.894649944843486,1.8638149995240383,1018.6858540000685,17016.792377131394
1771429891,50,,Aggregated,12.400000,2.300000,6,10,12,13,18,29,1000,1000,1000,1000,1000,1011,178,6,40.45055801484446,1.8638149995240383,1018.6858540000685,16996.75865479723
1771429892,50,,Aggregated,12.400000,2.400000,6,9,12,13,18,29,1000,1000,1000,1000,1000,1024,179,6,40.00446160742843,1.8638149995240383,1018.6858540000685,16907.046875
1771429893,50,,Aggregated,12.600000,2.200000,6,9,12,13,18,29,1000,1000,1000,1000,1000,1037,181,6,39.60538992286166,1.8638149995240383,1018.6858540000685,16983.027965284473
1771429894,50,,Aggregated,12.200000,2.100000,6,9,12,13,18,29,1000,1000,1000,1000,1000,1046,182,6,39.324502738056175,1.8638149995240383,1018.6858540000685,17002.79636711281
1771429895,50,,Aggregated,12.200000,1.900000,6,9,12,13,18,29,1000,1000,1000,1000,1000,1059,183,6,39.87540958546264,1.8638149995240383,1018.6858540000685,16971.48536355052
1771429896,50,,Aggregated,12.500000,1.900000,6,9,12,13,17,29,1000,1000,1000,1000,1000,1072,183,6,39.4673640503777,1.8638149995240383,1018.6858540000685,16948.861940298506
1771429897,50,,Aggregated,12.400000,1.800000,6,9,12,13,17,29,1000,1000,1000,1000,1000,1086,183,6,39.08146827072338,1.8638149995240383,1018.6858540000685,16974.87384898711
1771429898,50,,Aggregated,11.600000,1.300000,6,9,12,13,17,29,1000,1000,1000,1000,1000,1098,185,6,38.733696585614915,1.8638149995240383,1018.6858540000685,17026.718579234974
1771429899,50,,Aggregated,12.300000,1.100000,6,9,12,13,17,28,1000,1000,1000,1000,1000,1108,187,6,38.444685749103,1.8638149995240383,1018.6858540000685,17030.619133574008
1771429900,50,,Aggregated,12.700000,1.200000,6,9,12,13,17,28,1000,1000,1000,1000,1000,1122,189,6,38.96369938681643,1.8638149995240383,1018.6858540000685,17035.853832442066
1771429901,50,,Aggregated,12.100000,1.000000,6,9,12,13,17,28,1000,1000,1000,1000,1000,1133,190,6,38.659640889680475,1.8638149995240383,1018.6858540000685,17135.3706972639
1771429902,50,,Aggregated,12.700000,1.200000,6,9,12,13,17,28,1000,1000,1000,1000,1000,1147,191,6,38.26292045074835,1.8638149995240383,1018.6858540000685,17090.020924149958
1771429903,50,,Aggregated,12.500000,1.400000,6,9,12,13,17,28,1000,1000,1000,1000,1000,1161,193,6,38.761781791566115,1.8638149995240383,1018.6858540000685,17110.03445305771
1771429904,50,,Aggregated,12.300000,1.200000,6,9,12,13,16,28,1000,1000,1000,1000,1000,1173,195,6,38.439361095489105,1.8638149995240383,1018.6858540000685,17096.74850809889
1771429905,50,,Aggregated,12.500000,1.200000,6,9,12,13,16,28,1000,1000,1000,1000,1000,1184,195,6,38.13769942737232,1.8638149995240383,1018.6858540000685,17091.111486486487
1771429906,50,,Aggregated,12.500000,1.300000,6,9,12,13,16,28,1000,1000,1000,1000,1000,1198,198,6,37.785052530059495,1.8638149995240383,1018.6858540000685,17095.484140233722
1771429907,50,,Aggregated,12.300000,1.200000,6,9,12,13,16,28,1000,1000,1000,1000,1000,1212,201,6,37.43333187377076,1.8638149995240383,1018.6858540000685,17139.171617161715
1771429908,50,,Aggregated,12.700000,1.300000,6,9,12,13,16,27,1000,1000,1000,1000,1000,1223,202,6,37.154924626337426,1.8638149995240383,1018.6858540000685,17118.112019623877
1771429909,50,,Aggregated,12.600000,1.600000,6,9,12,13,16,28,1000,1000,1000,1000,1000,1236,203,6,37.658788730592974,1.8638149995240383,1018.6858540000685,17137.449838187702
1771429910,50,,Aggregated,12.600000,1.700000,6,9,12,13,16,28,1000,1000,1000,1000,1000,1250,204,6,38.12312494401194,1.8638149995240383,1018.6858540000685,17200.0472
1771429911,50,,Aggregated,12.700000,1.700000,6,9,12,13,16,27,1000,1000,1000,1000,1000,1262,205,6,37.820133206827215,1.8638149995240383,1018.6858540000685,17206.83438985737
1771429912,50,,Aggregated,12.100000,1.500000,6,9,12,13,16,27,1000,1000,1000,1000,1000,1279,208,6,37.417090669286374,1.8638149995240383,1018.6858540000685,17252.44096950743
1771429913,50,,Aggregated,12.700000,1.500000,6,9,12,13,16,27,1000,1000,1000,1000,1000,1295,210,6,37.03514882935764,1.8638149995240383,1018.6858540000685,17219.819305019304
1771429914,50,,Aggregated,12.900000,1.600000,6,9,12,13,16,27,1000,1000,1000,1000,1000,1307,213,6,37.522533231076345,1.8638149995240383,1018.6858540000685,17165.185156847743
1771429915,50,,Aggregated,13.600000,1.600000,6,9,12,13,16,27,1000,1000,1000,1000,1000,1316,216,6,37.30674423101464,1.8638149995240383,1018.6858540000685,17150.061550151975
1771429916,50,,Aggregated,13.400000,1.800000,6,9,12,13,16,27,1000,1000,1000,1000,1000,1327,219,6,37.80263856444233,1.8638149995240383,1018.6858540000685,17091.106254709874
1771429917,50,,Aggregated,12.900000,1.800000,6,9,12,13,16,27,1000,1000,1000,1000,1000,1337,219,6,38.355045912502085,1.8638149995240383,1018.6858540000685,17162.36200448766
1771429918,50,,Aggregated,13.000000,2.100000,6,9,12,13,16,28,1000,1000,1000,1000,1000,1354,223,6,39.423007019951555,1.8638149995240383,1018.6858540000685,17044.19423929099
1771429919,50,,Aggregated,12.500000,2.000000,6,9,12,13,16,28,1000,1000,1000,1000,1000,1363,225,6,39.93898383786855,1.8638149995240383,1018.6858540000685,16992.347028613352
1771429920,50,,Aggregated,12.600000,1.800000,6,9,12,13,16,28,1000,1000,1000,1000,1000,1377,226,6,39.61793005447701,1.8638149995240383,1018.6858540000685,17039.19898329702
1771429921,50,,Aggregated,12.800000,2.100000,6,9,12,13,16,28,1000,1000,1000,1000,1000,1390,227,6,40.110508548932295,1.8638149995240383,1018.6858540000685,17009.389208633092
1771429922,50,,Aggregated,12.700000,2.300000,6,9,12,13,16,28,1000,1000,1000,1000,1000,1401,229,6,39.84831270593504,1.8638149995240383,1018.6858540000685,16986.628836545326
1771429923,50,,Aggregated,12.500000,2.100000,6,9,12,13,16,28,1000,1000,1000,1000,1000,1416,231,6,39.50290729732783,1.8638149995240383,1018.6858540000685,17020.281073446327
1771429924,50,,Aggregated,12.500000,2.200000,6,9,12,13,16,28,1000,1000,1000,1000,1000,1423,233,6,40.046687249484236,1.8638149995240383,1018.6858540000685,16982.252986647927
1771429925,50,,Aggregated,12.000000,2.300000,6,9,12,13,16,28,1000,1000,1000,1000,1000,1440,235,6,39.65597989862254,1.8638149995240383,1018.6858540000685,17010.682638888888
1771429926,50,,Aggregated,11.800000,1.900000,6,9,12,12,16,28,1000,1000,1000,1000,1000,1457,236,6,39.26832797324389,1.8638149995240383,1018.6858540000685,17039.7302676733
1771429927,50,,Aggregated,12.300000,2.200000,6,9,12,12,16,28,1000,1000,1000,1000,1000,1467,236,6,39.047362154067415,1.8638149995240383,1018.6858540000685,17021.32310838446
